Create Time	Author ID	Description	Entities
2024-11-11T17:35:45.000Z	1257817660412366849	@CasasBahia que atendimento ruim √© esse em que o cliente solicita cancelamento do produto, fala que t√° sendo analisado e mesmo assim vcs mandam o produto pra entrega?	[]
2024-11-11T17:10:27.000Z	1855620010414317568	@CasasBahia Cupom de 1000	[('Cupom', 'LOC')]
2024-11-11T16:51:18.000Z	327127384	@ironfuckman @marcusdelfino @CasasBahia @SmilesOficial https://t.co/qCVesxCeIA   Agora sim o link certo*	[('@ironfuckman @marcusdelfino @CasasBahia @SmilesOficial', 'MISC')]
2024-11-11T16:50:45.000Z	327127384	@ironfuckman @marcusdelfino @CasasBahia @SmilesOficial Eu farei isso. N√£o adianta nada ter promo√ß√£o de bonificada se na hora do cumprimento da oferta n√£o cumprem. Isso √© vedado pelo c√≥digo de defesa do consumidor tamb√©m.  Aconselho vcs a fazerem uma reclama√ß√£o no https://t.co/FbyYfXEUoi tamb√©m	[('@ironfuckman @marcusdelfino @CasasBahia @SmilesOficial', 'MISC'), ('https://t.co/FbyYfXEUoi', 'MISC')]
2024-11-11T16:37:52.000Z	2153836136	J√° abri reclama√ß√£o no reclame aqui, viu? @CasasBahia, nos vemos no tribunal ü§¨üò°	[('üò°', 'PER')]
2024-11-11T16:11:21.000Z	2209736058	@marcusdelfino @liviia_liima @CasasBahia @SmilesOficial Palha√ßada!! J√° vi umas 3 reclama√ß√µes no reclame aqui sobre cancelamento de pedido nessa promo√ß√£o das milhas da semana passada. E todas est√£o relacionadas √† compra de iPhone. O jeito vai ser acionar o Procon mesmo	[('@marcusdelfino', 'ORG'), ('@SmilesOficial Palha√ßada!', 'MISC'), ('iPhone', 'MISC'), ('Procon', 'MISC')]
2024-11-11T15:25:48.000Z	285905438	comprei um produto na @CasasBahia: pagamento em an√°lise.. dois segundos depois chega email dizendo que a compra foi negada. entro no aplicativo o produto aparece como aprovado e j√° posso at√© retirar na loja ü§°ü§°ü§°	[('comprei', 'LOC'), ('ü§°ü§°', 'PER')]
2024-11-11T15:14:26.000Z	1467901458733543434	@CasasBahia BORA ME RESPONDAM L√Å @CasasBahia	[]
2024-11-11T15:05:49.000Z	1467901458733543434	@CasasBahia PRECISO DE SUPORTE SEUS CANALHAS O CARALHO DESSE 0800 E A PORRA DO SAC N√ÉO FUNCIONA NINGU√âM ATENDE	[('@CasasBahia PRECISO DE SUPORTE SEUS CANALHAS', 'MISC'), ('CARALHO DESSE 0800', 'MISC'), ('A PORRA DO SAC', 'MISC'), ('N√ÉO FUNCIONA', 'ORG')]
2024-11-11T14:17:14.000Z	408478004	@liviia_liima @marcusdelfino @CasasBahia @SmilesOficial @ReclameAQUI Ol√°. Consumidores com problemas podem registrar uma reclama√ß√£o. Residindo no estado de SP, acesse https://t.co/0CBgLubENa , e fa√ßa a reclama√ß√£o.	[('@liviia_liima @marcusdelfino @CasasBahia @SmilesOficial', 'MISC'), ('Ol√°', 'MISC'), ('SP', 'LOC')]
